{
 "generated_at": "2026-07-07T00:01:26.126Z",
 "generated_by": "scripts/gen-dashboard-data.mjs",
 "stdev_note": "percentage stdevs are propagated from rep-level stdevs (ratio approximation)",
 "sources": [
  {
   "file": "results/qwen3-4b-full.json",
   "sweep_instance": "c8g.4xlarge",
   "cpu": "Neoverse-V2 (Graviton4)",
   "commit": "2d973636e292ee6f75fadcf08d29cb33511f509f"
  }
 ],
 "hero": {
  "model": "Qwen3-4B-Instruct-2507",
  "config": "q8_0",
  "context": 8192,
  "n": 10,
  "prefill_pct": 101.52099886492624,
  "prefill_pct_stdev": 0.8153776153895117,
  "decode_pct": -27.83611282684786,
  "decode_pct_stdev": 0.3704281069531734,
  "memory_pct": -8.93114352411385,
  "memory_pct_stdev": 0.004660234617157082,
  "baseline": {
   "prefill_tok_s": 22.025,
   "decode_tok_s": 24.285,
   "peak_memory_mb": 6040.1,
   "n": 10
  },
  "quantized": {
   "prefill_tok_s": 44.385000000000005,
   "decode_tok_s": 17.525,
   "peak_memory_mb": 5500.65
  }
 },
 "rows": [
  {
   "model": "Qwen3-4B-Instruct-2507",
   "config": "q8_0",
   "context": 2048,
   "n": 10,
   "prefill_pct": 68.1811443818559,
   "prefill_pct_stdev": 0.13842694812944986,
   "decode_pct": -16.7503586800574,
   "decode_pct_stdev": 0.6900125070655793,
   "memory_pct": -2.6112438224741075,
   "memory_pct_stdev": 0.005103598396055654,
   "baseline": {
    "prefill_tok_s": 67.46000000000001,
    "decode_tok_s": 41.82,
    "peak_memory_mb": 5169.95,
    "n": 10
   },
   "quantized": {
    "prefill_tok_s": 113.455,
    "decode_tok_s": 34.815,
    "peak_memory_mb": 5034.95
   }
  },
  {
   "model": "Qwen3-4B-Instruct-2507",
   "config": "q8_0",
   "context": 8192,
   "n": 10,
   "prefill_pct": 101.52099886492624,
   "prefill_pct_stdev": 0.8153776153895117,
   "decode_pct": -27.83611282684786,
   "decode_pct_stdev": 0.3704281069531734,
   "memory_pct": -8.93114352411385,
   "memory_pct_stdev": 0.004660234617157082,
   "baseline": {
    "prefill_tok_s": 22.025,
    "decode_tok_s": 24.285,
    "peak_memory_mb": 6040.1,
    "n": 10
   },
   "quantized": {
    "prefill_tok_s": 44.385000000000005,
    "decode_tok_s": 17.525,
    "peak_memory_mb": 5500.65
   }
  },
  {
   "model": "Qwen3-4B-Instruct-2507",
   "config": "q8_0",
   "context": 16384,
   "n": 5,
   "prefill_pct": 110.26086956521736,
   "prefill_pct_stdev": 0.28666936425448036,
   "decode_pct": -31.376386170906724,
   "decode_pct_stdev": 0.25284464797054856,
   "memory_pct": -14.996250937265687,
   "memory_pct_stdev": 0.0033808520601510926,
   "baseline": {
    "prefill_tok_s": 11.5,
    "decode_tok_s": 15.33,
    "peak_memory_mb": 7201.8,
    "n": 5
   },
   "quantized": {
    "prefill_tok_s": 24.18,
    "decode_tok_s": 10.52,
    "peak_memory_mb": 6121.8
   }
  },
  {
   "model": "Qwen3-4B-Instruct-2507",
   "config": "q8_0",
   "context": 32768,
   "n": 5,
   "prefill_pct": 111.60862354892203,
   "prefill_pct_stdev": 0.4086938470372321,
   "decode_pct": -22.178477690288723,
   "decode_pct_stdev": 0.5286576935841358,
   "memory_pct": -22.678496430071394,
   "memory_pct_stdev": 0.004080416745208319,
   "baseline": {
    "prefill_tok_s": 6.03,
    "decode_tok_s": 7.62,
    "peak_memory_mb": 9524,
    "n": 5
   },
   "quantized": {
    "prefill_tok_s": 12.76,
    "decode_tok_s": 5.93,
    "peak_memory_mb": 7364.1
   }
  },
  {
   "model": "Qwen3-4B-Instruct-2507",
   "config": "q4_0",
   "context": 2048,
   "n": 10,
   "prefill_pct": 64.81618737029349,
   "prefill_pct_stdev": 0.13744783345325515,
   "decode_pct": -16.726446676231465,
   "decode_pct_stdev": 0.71769977542344,
   "memory_pct": -4.002940067118632,
   "memory_pct_stdev": 0.004746843828515683,
   "baseline": {
    "prefill_tok_s": 67.46000000000001,
    "decode_tok_s": 41.82,
    "peak_memory_mb": 5169.95,
    "n": 10
   },
   "quantized": {
    "prefill_tok_s": 111.185,
    "decode_tok_s": 34.825,
    "peak_memory_mb": 4963
   }
  },
  {
   "model": "Qwen3-4B-Instruct-2507",
   "config": "q4_0",
   "context": 8192,
   "n": 10,
   "prefill_pct": 102.6106696935301,
   "prefill_pct_stdev": 0.34662307069507925,
   "decode_pct": -27.650813259213503,
   "decode_pct_stdev": 0.42426066235716514,
   "memory_pct": -13.695137497723564,
   "memory_pct_stdev": 0.0044734223087490605,
   "baseline": {
    "prefill_tok_s": 22.025,
    "decode_tok_s": 24.285,
    "peak_memory_mb": 6040.1,
    "n": 10
   },
   "quantized": {
    "prefill_tok_s": 44.625,
    "decode_tok_s": 17.57,
    "peak_memory_mb": 5212.9
   }
  },
  {
   "model": "Qwen3-4B-Instruct-2507",
   "config": "q4_0",
   "context": 16384,
   "n": 5,
   "prefill_pct": 114.26086956521742,
   "prefill_pct_stdev": 0.2994484615302656,
   "decode_pct": -30.72407045009785,
   "decode_pct_stdev": 0.23701894849888827,
   "memory_pct": -22.99425143714071,
   "memory_pct_stdev": 0.001967657490878021,
   "baseline": {
    "prefill_tok_s": 11.5,
    "decode_tok_s": 15.33,
    "peak_memory_mb": 7201.8,
    "n": 5
   },
   "quantized": {
    "prefill_tok_s": 24.64,
    "decode_tok_s": 10.62,
    "peak_memory_mb": 5545.8
   }
  },
  {
   "model": "Qwen3-4B-Instruct-2507",
   "config": "q4_0",
   "context": 32768,
   "n": 5,
   "prefill_pct": 114.4278606965174,
   "prefill_pct_stdev": 0.8007995822172487,
   "decode_pct": -21.78477690288714,
   "decode_pct_stdev": 0.545675281031502,
   "memory_pct": -34.77005459890802,
   "memory_pct_stdev": 0.002715582580444038,
   "baseline": {
    "prefill_tok_s": 6.03,
    "decode_tok_s": 7.62,
    "peak_memory_mb": 9524,
    "n": 5
   },
   "quantized": {
    "prefill_tok_s": 12.93,
    "decode_tok_s": 5.96,
    "peak_memory_mb": 6212.5
   }
  },
  {
   "model": "Qwen3-4B-Instruct-2507",
   "config": "q8_0/q4_0",
   "context": 2048,
   "n": 10,
   "prefill_pct": 66.87666765490658,
   "prefill_pct_stdev": 0.19714705434917182,
   "decode_pct": -16.690578670492584,
   "decode_pct_stdev": 1.3472433586984283,
   "memory_pct": -3.306608381125542,
   "memory_pct_stdev": 0.004571780224048138,
   "baseline": {
    "prefill_tok_s": 67.46000000000001,
    "decode_tok_s": 41.82,
    "peak_memory_mb": 5169.95,
    "n": 10
   },
   "quantized": {
    "prefill_tok_s": 112.57499999999999,
    "decode_tok_s": 34.84,
    "peak_memory_mb": 4999
   }
  },
  {
   "model": "Qwen3-4B-Instruct-2507",
   "config": "q8_0/q4_0",
   "context": 8192,
   "n": 10,
   "prefill_pct": 103.22360953461978,
   "prefill_pct_stdev": 0.851505467460218,
   "decode_pct": -27.547869054972207,
   "decode_pct_stdev": 0.5184632078411203,
   "memory_pct": -11.313554411350813,
   "memory_pct_stdev": 0.004870150659863528,
   "baseline": {
    "prefill_tok_s": 22.025,
    "decode_tok_s": 24.285,
    "peak_memory_mb": 6040.1,
    "n": 10
   },
   "quantized": {
    "prefill_tok_s": 44.76,
    "decode_tok_s": 17.595,
    "peak_memory_mb": 5356.75
   }
  },
  {
   "model": "Qwen3-4B-Instruct-2507",
   "config": "q8_0/q4_0",
   "context": 16384,
   "n": 5,
   "prefill_pct": 113.04347826086958,
   "prefill_pct_stdev": 0.8292348737706144,
   "decode_pct": -31.245923026744947,
   "decode_pct_stdev": 0.22464396986430235,
   "memory_pct": -18.993862645449756,
   "memory_pct_stdev": 0.0032904452469566725,
   "baseline": {
    "prefill_tok_s": 11.5,
    "decode_tok_s": 15.33,
    "peak_memory_mb": 7201.8,
    "n": 5
   },
   "quantized": {
    "prefill_tok_s": 24.5,
    "decode_tok_s": 10.54,
    "peak_memory_mb": 5833.9
   }
  },
  {
   "model": "Qwen3-4B-Instruct-2507",
   "config": "q8_0/q4_0",
   "context": 32768,
   "n": 5,
   "prefill_pct": 113.76451077943615,
   "prefill_pct_stdev": 0.7357547916896173,
   "decode_pct": -22.178477690288723,
   "decode_pct_stdev": 0.5509901236130541,
   "memory_pct": -28.724275514489705,
   "memory_pct_stdev": 0.002944772328559821,
   "baseline": {
    "prefill_tok_s": 6.03,
    "decode_tok_s": 7.62,
    "peak_memory_mb": 9524,
    "n": 5
   },
   "quantized": {
    "prefill_tok_s": 12.89,
    "decode_tok_s": 5.93,
    "peak_memory_mb": 6788.3
   }
  },
  {
   "model": "Qwen3-4B-Instruct-2507",
   "config": "q4_0/q8_0",
   "context": 2048,